NAME,MpG,PpG,RpG,ApG,P+R+A,PRA_Rank,TS%,USG%,VI,ORtg,DRtg
Nikola Jokic,34.6,28.6,12.5,10.4,51.6,1,0.679,31.3,17.9,135.4,107.3
Luka Doncic,35.5,32.5,7.9,8.4,48.8,2,0.613,37.5,14.6,119.9,110.0
Shai Gilgeous-Alexander,33.5,31.7,4.5,6.6,42.8,3,0.667,33.4,11.7,134.1,106.1
Giannis Antetokounmpo,29.0,27.4,9.8,5.4,42.6,4,0.666,36.3,15.6,126.4,109.4
Jalen Johnson,35.2,23.0,10.4,7.9,41.3,5,0.585,27.2,14.0,116.5,109.1
Cade Cunningham,35.0,25.1,5.6,9.9,40.7,6,0.564,30.8,12.8,117.5,105.0
Jaylen Brown,34.0,28.3,7.1,5.1,40.6,7,0.571,36.2,11.9,113.8,106.9
Tyrese Maxey,38.3,29.0,4.1,6.7,39.7,8,0.589,29.9,9.7,121.1,114.1
Donovan Mitchell,33.5,28.3,4.5,5.8,38.6,9,0.612,32.7,10.8,120.1,111.3
James Harden,35.4,25.4,4.8,8.1,38.4,10,0.598,31.2,11.3,119.3,114.5
Kawhi Leonard,32.4,28.3,6.4,3.8,38.4,10,0.63,33.5,10.9,125.1,113.2
Anthony Edwards,35.5,29.4,5.0,3.7,38.2,12,0.621,31.6,9.2,118.7,112.7
Victor Wembanyama,29.3,24.2,11.1,2.9,38.2,12,0.625,31.6,12.6,120.4,100.0
Joel Embiid,31.2,26.6,7.5,3.9,38.1,14,0.606,33.8,11.8,119.4,112.0
Deni Avdija,33.3,24.3,7.0,6.7,37.9,15,0.601,29.1,12.5,119.1,111.1
Jamal Murray,34.9,25.5,4.3,7.1,37.0,16,0.616,28.7,10.5,124.4,116.3
Jalen Brunson,34.8,26.2,3.5,6.5,36.2,17,0.582,30.3,9.7,121.7,112.1
Paolo Banchero,34.8,22.3,8.6,5.0,35.8,18,0.568,27.5,11.3,112.4,110.2
Kevin Durant,36.4,25.9,5.5,4.5,35.8,18,0.635,27.1,9.5,123.4,112.2
Lauri Markkanen,34.3,26.7,6.9,2.1,35.7,20,0.608,28.3,8.5,122.9,120.4
Stephen Curry,31.3,27.2,3.5,4.8,35.6,21,0.636,32.7,9.8,119.7,113.5
Alperen Sengun,33.4,20.2,9.0,6.1,35.2,22,0.554,27.1,12.4,115.3,105.3
Devin Booker,33.4,24.9,4.0,6.1,35.0,23,0.578,31.5,10.1,117.4,112.0
Karl-Anthony Towns,31.2,20.0,11.9,2.9,34.8,24,0.614,25.5,11.3,122.7,100.1
Josh Giddey,31.6,17.7,8.4,8.7,34.8,24,0.571,25.6,13.8,113.4,113.3
Pascal Siakam,33.5,24.0,6.7,3.9,34.5,26,0.563,29.6,10.2,111.4,113.9
Michael Porter Jr.,32.5,24.2,7.1,3.0,34.3,27,0.595,30.4,9.9,114.3,114.3
Anthony Davis,31.3,20.4,11.1,2.8,34.2,28,0.551,27.6,11.0,111.6,107.8
LeBron James,33.1,21.4,5.6,7.0,34.1,29,0.587,28.1,11.4,116.0,114.8
Austin Reaves,33.6,23.7,4.8,5.5,33.9,30,0.651,27.5,10.2,123.9,113.1
Keyonte George,33.1,23.6,3.7,6.1,33.4,31,0.609,28.1,9.8,118.2,120.0
Julius Randle,33.1,21.1,7.0,5.2,33.2,32,0.587,26.3,11.1,119.1,108.4
James Harden,33.4,20.2,5.0,7.8,33.0,33,0.654,23.4,11.1,125.6,113.6
Bam Adebayo,31.7,20.0,9.8,2.9,32.7,34,0.555,25.3,10.5,114.8,107.2
Jonathan Kuminga,26.5,21.3,7.7,3.3,32.3,35,0.787,25.5,12.3,136.9,111.6
Scottie Barnes,34.3,18.8,7.9,5.3,32.0,36,0.574,23.8,10.8,115.0,106.8
Trey Murphy III,35.4,22.1,5.7,3.8,31.6,37,0.62,23.1,8.8,123.7,116.3
LaMelo Ball,27.7,19.4,4.8,7.2,31.4,38,0.533,32.0,12.6,114.2,107.0
Domantas Sabonis,29.7,15.8,11.4,4.1,31.3,39,0.59,23.0,12.2,116.2,107.9
Brandon Ingram,34.0,21.5,5.7,3.8,31.0,40,0.561,27.2,9.1,109.1,111.5
Cooper Flagg,33.7,20.1,6.7,4.2,31.0,40,0.546,25.7,9.8,109.5,111.0
Jalen Duren,27.8,18.6,10.6,1.7,30.9,42,0.667,23.3,10.0,132.7,100.8
Ja Morant,28.4,19.5,3.3,8.1,30.8,43,0.521,32.4,11.3,107.1,114.1
Zion Williamson,29.6,21.4,5.9,3.4,30.7,44,0.632,26.9,10.2,125.0,114.9
Franz Wagner,31.8,21.3,5.8,3.6,30.6,45,0.591,26.3,9.6,120.5,109.7
Amen Thompson,37.0,17.7,7.6,5.3,30.6,45,0.58,20.1,9.7,122.3,111.0
Jimmy Butler,31.1,20.0,5.6,4.9,30.4,47,0.647,23.2,10.5,137.1,115.2
Tyler Herro,30.6,22.1,4.6,3.7,30.3,48,0.62,26.0,9.4,119.5,110.7
Evan Mobley,32.5,17.7,8.7,3.7,30.1,49,0.582,22.1,10.2,118.7,108.7
Jayson Tatum,27.0,19.7,6.7,3.7,30.0,50,0.499,33.8,11.7,109.5,108.5
Kevin Porter Jr.,33.4,17.5,5.2,7.4,30.0,50,0.565,24.3,10.5,114.3,113.3
Trae Young,28.0,19.3,1.5,8.9,29.7,52,0.577,28.7,9.1,120.8,114.4
Nikola Vucevic,30.8,16.9,9.0,3.8,29.6,53,0.585,21.7,10.8,120.2,112.4
Jaren Jackson Jr.,24.1,22.3,4.3,2.7,29.3,54,0.598,36.1,10.6,110.6,108.7
Brandon Miller,30.2,20.7,5.1,3.4,29.2,55,0.57,29.4,9.4,111.1,107.8
Desmond Bane,34.2,20.6,4.2,4.2,29.0,56,0.609,23.5,8.3,121.2,109.2
De'Aaron Fox,31.5,19.0,3.7,6.3,29.0,56,0.585,24.8,9.7,118.0,108.2
Norman Powell,30.0,22.5,3.6,2.6,28.7,58,0.614,27.5,7.9,116.3,109.3
Ty Jerome,21.9,20.0,2.7,5.6,28.4,59,0.634,33.4,12.3,129.1,109.6
Shaedon Sharpe,30.0,21.4,4.4,2.6,28.4,59,0.55,30.3,8.3,105.3,113.2
Dejounte Murray,26.5,17.6,5.3,5.4,28.3,61,0.608,28.4,12.0,110.1,107.6
Walker Kessler,30.8,14.4,10.8,3.0,28.2,62,0.786,16.6,10.1,130.0,107.7
Stephon Castle,29.7,16.3,4.9,6.9,28.1,63,0.565,24.9,11.0,113.5,103.1
Chet Holmgren,29.3,17.3,9.0,1.8,28.1,63,0.646,22.1,8.9,125.0,101.0
Kon Knueppel,32.0,19.2,5.3,3.4,28.0,65,0.653,22.2,8.8,126.5,111.5
Bennedict Mathurin,29.5,19.4,6.1,2.4,27.8,66,0.549,29.7,8.9,112.0,107.4
Derrick White,34.3,17.5,4.5,5.7,27.6,68,0.529,23.1,8.9,118.4,113.6
Ivica Zubac,30.9,14.4,11.0,2.2,27.6,68,0.635,19.0,9.1,126.3,108.9
Immanuel Quickley,32.5,17.3,4.2,6.1,27.6,68,0.586,21.5,9.4,122.0,110.9
Jalen Williams,29.1,17.5,4.7,5.4,27.6,68,0.555,26.3,10.5,114.5,104.1
Alexandre Sarr,27.8,17.1,7.7,2.7,27.5,71,0.558,25.6,10.2,114.0,116.6
Russell Westbrook,28.9,15.5,5.4,6.5,27.4,72,0.533,26.1,11.3,104.7,115.0
RJ Barrett,29.9,18.7,5.4,3.3,27.4,72,0.581,25.4,9.3,115.0,108.4
Darius Garland,30.5,18.0,2.4,6.9,27.3,74,0.567,25.7,8.8,114.1,115.0
Andrew Nembhard,31.4,17.1,2.8,7.4,27.3,74,0.559,23.9,9.0,113.2,116.8
Onyeka Okongwu,31.4,16.1,7.8,3.3,27.2,76,0.6,20.2,9.5,117.5,106.2
Nickeil Alexander-Walker,33.2,20.0,3.5,3.7,27.2,76,0.586,24.2,7.7,112.6,114.0
Jrue Holiday,28.9,16.5,4.4,6.2,27.1,78,0.585,23.7,10.6,117.5,114.9
Coby White,29.1,18.6,3.7,4.7,27.0,79,0.586,27.4,9.4,108.6,113.3
Jaren Jackson Jr.,30.7,19.2,5.8,1.9,26.9,80,0.574,25.6,7.8,107.6,106.5
Miles Bridges,31.8,17.5,5.9,3.4,26.8,81,0.559,22.8,8.9,118.7,112.6
Ryan Rollins,32.3,16.6,4.7,5.5,26.8,81,0.57,23.6,9.3,110.4,112.7
Dillon Brooks,30.6,20.9,3.7,1.8,26.3,83,0.547,28.9,6.8,109.7,108.1
Payton Pritchard,32.5,16.9,4.1,5.4,26.3,83,0.578,21.2,8.9,126.8,114.4
Jusuf Nurkic,26.4,10.9,10.4,4.8,26.0,85,0.548,19.4,12.4,111.0,106.9
Darius Garland,25.3,17.8,2.4,5.8,26.0,85,0.611,30.8,9.9,115.0,114.5
CJ McCollum,30.9,18.8,3.5,3.6,25.9,87,0.573,24.4,8.0,114.7,121.5
Zach Edey,25.8,13.6,11.1,1.1,25.8,88,0.669,20.2,8.5,120.6,102.3
Saddiq Bey,30.9,17.3,5.8,2.5,25.6,89,0.579,21.4,8.2,124.7,119.2
Jarrett Allen,27.5,15.3,8.5,1.9,25.6,89,0.67,19.4,9.1,133.4,109.0
CJ McCollum,28.4,18.3,3.4,3.8,25.5,91,0.552,27.2,8.7,109.5,116.0
Donovan Clingan,27.3,11.8,11.5,2.1,25.5,91,0.602,16.4,9.6,131.6,107.9
Bennedict Mathurin,31.8,17.8,5.4,2.3,25.4,93,0.589,23.0,7.6,109.6,113.5
DeMar DeRozan,31.7,18.4,3.1,3.9,25.3,94,0.591,22.4,7.6,123.6,119.5
Aaron Gordon,27.5,16.6,6.1,2.5,25.2,95,0.617,22.9,9.2,128.1,113.8
Jaime Jaquez Jr.,28.7,15.1,5.3,4.7,25.1,96,0.563,22.0,10.1,113.4,109.8
Paul George,30.5,16.0,5.2,3.7,24.9,97,0.556,22.1,8.9,113.6,110.8
Kristaps Porzingis,24.3,17.1,5.1,2.7,24.9,97,0.592,26.4,10.2,123.3,105.4
VJ Edgecombe,35.1,15.4,5.5,3.9,24.8,99,0.536,19.5,7.9,112.3,111.1
Jerami Grant,29.8,19.0,3.5,2.3,24.7,100,0.607,24.1,7.2,119.6,113.3
Grayson Allen,30.0,17.3,3.0,4.1,24.5,102,0.569,23.9,8.0,119.2,112.1
Josh Hart,30.0,11.8,7.6,5.1,24.5,102,0.592,16.9,10.3,121.1,105.6
Kyshawn George,29.0,14.8,5.1,4.5,24.4,104,0.559,22.8,9.6,107.9,112.9
Dyson Daniels,33.3,11.5,6.6,6.2,24.3,105,0.528,15.9,9.3,117.5,111.6
Zach LaVine,31.4,19.2,2.8,2.3,24.2,106,0.614,23.7,6.3,114.4,119.8
O.G. Anunoby,33.2,16.6,5.2,2.2,24.0,108,0.608,19.9,6.9,117.6,108.1
Rudy Gobert,31.4,10.8,11.3,1.8,24.0,108,0.677,12.5,7.7,137.1,106.3
Jabari Smith Jr.,34.8,15.4,6.8,1.8,24.0,108,0.574,17.7,6.6,120.9,109.6
Andrew Wiggins,31.0,15.9,5.1,2.8,23.8,110,0.579,20.0,7.9,116.2,109.5
Santi Aldama,27.9,14.0,6.7,2.9,23.6,111,0.572,20.1,9.3,117.4,113.0
Matas Buzelis,28.7,15.8,5.5,2.1,23.4,112,0.597,22.4,7.9,110.2,112.2
Nic Claxton,28.8,12.1,7.1,4.0,23.2,113,0.597,17.4,9.7,126.0,113.8
Mikal Bridges,33.6,15.0,4.1,3.9,23.1,114,0.587,17.5,7.4,125.6,111.2
Anthony Black,30.7,15.3,3.9,3.8,23.0,115,0.551,22.1,7.9,108.4,108.2
Isaiah Hartenstein,25.4,10.2,9.2,3.5,22.9,116,0.645,16.7,10.9,129.6,97.1
Naji Marshall,29.5,15.0,4.7,3.1,22.8,117,0.609,19.7,8.2,119.8,111.7
Jalen Suggs,26.4,13.7,3.7,5.2,22.7,118,0.566,23.6,9.7,109.4,104.3
Derik Queen,25.2,11.7,7.0,3.9,22.7,118,0.552,21.5,10.9,109.6,108.2
P.J. Washington,30.8,13.9,6.8,1.9,22.6,121,0.525,20.5,7.3,102.3,110.1
Collin Gillespie,28.9,13.6,4.2,4.8,22.6,121,0.596,19.2,9.0,123.9,112.9
Naz Reid,26.1,13.9,6.3,2.3,22.6,121,0.582,21.9,9.0,113.4,105.7
Cedric Coward,26.1,13.4,6.4,2.8,22.5,123,0.582,21.2,9.5,113.8,111.5
Jaden McDaniels,31.9,14.7,4.3,2.8,21.8,124,0.619,18.1,7.0,118.7,107.9
Peyton Watson,30.6,14.9,4.9,2.0,21.8,124,0.6,20.2,6.9,113.0,111.6
Ayo Dosunmu,26.4,15.0,3.0,3.6,21.7,126,0.636,21.0,8.3,124.6,115.9
Deandre Ayton,27.3,12.5,8.3,0.9,21.6,127,0.672,16.8,6.6,129.0,108.8
Brandin Podziemski,27.9,12.6,5.2,3.8,21.6,127,0.564,19.4,9.0,115.1,111.2
Marvin Bagley III,23.1,11.6,8.3,1.6,21.4,129,0.599,19.0,9.3,127.1,108.3
Ajay Mitchell,26.3,14.3,3.4,3.6,21.4,129,0.592,22.4,8.5,118.5,103.7
Kel'el Ware,22.6,11.4,9.3,0.5,21.3,132,0.618,18.1,6.6,127.5,104.1
Kelly Oubre Jr.,32.4,14.7,4.9,1.7,21.3,132,0.581,18.4,6.1,114.4,111.8
Keegan Murray,34.5,14.0,5.7,1.7,21.3,132,0.499,18.7,6.0,103.7,119.4
Wendell Carter Jr.,29.5,11.5,7.6,2.1,21.2,134,0.606,15.4,7.7,124.3,103.6
Bobby Portis,24.0,13.3,6.3,1.5,21.2,134,0.595,22.5,8.3,116.3,112.9
Isaiah Collier,25.6,11.4,2.5,7.2,21.1,137,0.572,20.0,9.2,114.8,117.2
Dennis Schroder,26.4,12.8,3.1,5.3,21.1,137,0.531,22.5,9.0,109.7,119.4
Donte DiVincenzo,31.0,12.5,4.4,4.2,21.1,137,0.583,16.7,7.9,119.9,109.7
Anfernee Simons,28.4,15.2,2.8,3.0,21.0,139,0.554,23.6,7.1,103.3,117.5
Tre Jones,26.8,12.5,2.9,5.5,20.9,140,0.628,17.8,8.7,130.7,116.5
Jalen Green,23.4,15.4,3.2,2.4,20.9,140,0.475,33.1,8.4,95.5,113.7
Toumani Camara,33.6,12.8,5.4,2.5,20.8,142,0.558,16.1,6.6,111.6,111.7
Julian Reese,31.1,8.5,10.3,2.0,20.8,142,0.629,12.1,7.2,121.9,110.1
Kyle Kuzma,26.7,13.4,4.7,2.6,20.7,144,0.582,21.7,8.2,112.7,114.4
Jaylon Tyson,27.4,13.3,5.1,2.2,20.6,145,0.617,18.7,7.7,121.2,109.3
Mark Williams,23.6,11.6,8.0,1.0,20.6,145,0.67,17.4,7.7,135.8,105.4
Jonathan Kuminga,23.8,12.1,5.9,2.5,20.5,148,0.543,23.9,9.5,103.6,110.7
Devin Vassell,30.6,14.2,3.9,2.4,20.5,148,0.572,18.4,6.7,116.8,110.6
Cam Thomas,24.2,15.6,1.8,3.1,20.5,148,0.527,30.2,7.3,104.5,121.1
Collin Sexton,25.1,16.2,2.2,2.1,20.4,150,0.625,25.5,6.7,109.5,112.2
Tobias Harris,28.3,13.1,5.1,2.2,20.4,150,0.557,18.6,7.5,117.8,108.4
Alondes Williams,25.2,11.0,6.3,3.0,20.3,153,0.745,14.3,9.4,140.7,120.4
Jaden Ivey,28.9,11.5,4.8,4.0,20.3,153,0.576,16.7,8.4,119.3,111.1
De'Andre Hunter,26.2,14.0,4.2,2.1,20.3,153,0.553,22.9,7.6,109.0,108.7
Jeremiah Fears,25.3,13.1,3.7,3.3,20.1,155,0.514,24.8,8.6,101.0,114.9
Scoot Henderson,22.9,13.2,2.7,4.2,20.1,155,0.541,26.6,9.3,106.4,109.0
Quentin Grimes,29.8,13.0,3.6,3.4,20.0,157,0.593,18.2,7.3,115.5,113.9
John Collins,27.7,13.8,5.2,1.0,19.9,158,0.653,19.1,6.0,122.4,109.4
Kyle Filipowski,22.9,10.5,7.0,2.3,19.9,158,0.591,19.0,9.7,116.5,108.6
Brandon Williams,22.2,13.1,2.9,3.8,19.8,160,0.568,25.5,9.5,111.1,111.7
Collin Sexton,22.3,14.2,1.9,3.7,19.8,160,0.619,25.7,8.3,119.9,111.1
Keldon Johnson,23.3,12.9,5.5,1.3,19.7,162,0.631,20.1,7.8,127.1,105.3
Aaron Nesmith,29.6,13.1,4.5,2.1,19.6,163,0.524,19.7,6.7,106.0,114.0
Neemias Queta,24.9,9.9,8.3,1.4,19.6,163,0.656,15.0,7.8,135.2,101.2
Cam Spencer,23.9,11.3,2.7,5.5,19.5,165,0.653,17.4,9.2,133.2,115.9
Jock Landale,23.6,11.3,6.5,1.7,19.5,165,0.594,18.5,8.5,125.5,110.5
Reed Sheppard,25.8,13.4,2.8,3.2,19.4,168,0.558,22.0,7.6,116.2,108.8
Nikola Vucevic,21.6,10.4,7.2,1.8,19.4,168,0.532,21.5,9.5,116.9,104.1
Draymond Green,27.1,8.6,5.6,5.3,19.4,168,0.539,16.5,9.4,104.3,106.0
Maxime Raynaud,25.0,10.9,7.2,1.2,19.4,168,0.601,17.4,7.3,119.3,113.0
Myles Turner,27.6,12.3,5.5,1.5,19.3,171,0.586,18.7,6.8,114.9,111.7
Jakob Poeltl,25.6,9.9,7.4,2.0,19.3,171,0.7,14.1,8.2,132.7,102.3
Ausar Thompson,25.6,10.2,5.9,2.9,19.0,174,0.545,17.4,8.7,115.6,101.2
Jordan Poole,24.5,13.9,2.1,3.1,19.0,174,0.538,25.0,7.3,107.4,115.1
Khris Middleton,24.7,12.2,3.8,3.0,19.0,174,0.547,22.3,8.4,107.0,110.5
Anfernee Simons,24.5,14.2,2.4,2.4,18.9,176,0.579,23.7,7.1,119.0,112.3
Noah Clowney,28.0,12.8,4.1,1.7,18.7,179,0.56,20.3,6.4,108.6,113.4
Guerschon Yabusele,25.8,10.2,6.3,2.2,18.7,179,0.547,17.1,8.1,112.5,112.2
Moussa Diabate,25.9,8.1,8.7,1.8,18.7,179,0.653,11.7,7.8,142.1,106.4
Tari Eason,26.4,10.8,6.2,1.7,18.7,179,0.536,18.4,7.3,112.3,105.8
Kristaps Porzingis,20.2,12.7,3.3,2.7,18.7,179,0.516,28.5,9.6,106.9,109.9
Julian Champagnie,27.8,11.2,5.9,1.5,18.6,182,0.615,15.2,6.7,122.3,108.0
Christian Braun,31.7,10.8,4.9,2.9,18.6,182,0.583,14.4,6.8,122.8,114.1
Jalen Smith,20.6,10.2,7.0,1.3,18.5,184,0.599,19.3,8.8,120.5,107.9
Max Christie,29.6,12.7,3.5,2.1,18.4,186,0.601,16.8,6.1,114.2,115.3
De'Anthony Melton,22.5,13.0,3.1,2.3,18.4,186,0.525,26.4,8.0,103.7,107.0
Jarace Walker,25.1,11.1,5.0,2.3,18.4,186,0.532,20.6,8.0,100.3,113.6
Scotty Pippen Jr.,21.2,11.4,2.2,4.7,18.3,188,0.537,26.0,9.3,103.5,104.0
Dylan Harper,22.1,11.1,3.3,3.8,18.2,191,0.552,22.0,9.4,113.6,106.1
Nick Richards,22.9,9.5,8.2,0.4,18.2,191,0.587,18.6,5.5,106.3,106.6
Ace Bailey,27.1,12.5,4.0,1.7,18.2,191,0.53,20.1,6.5,106.1,116.9
Davion Mitchell,28.3,8.9,2.6,6.7,18.2,191,0.571,13.3,7.6,121.3,108.1
Miles McBride,28.0,12.9,2.6,2.8,18.2,191,0.592,17.7,6.5,125.0,112.1
Bub Carrington,27.6,9.8,3.6,4.6,18.0,194,0.534,17.5,7.9,102.7,119.1
Tim Hardaway Jr.,27.3,14.0,2.6,1.3,17.9,195,0.635,18.4,5.3,125.4,117.7
Brice Sensabaugh,22.3,13.1,3.0,1.7,17.8,196,0.574,23.6,7.3,111.3,118.3
Rayan Rupert,28.1,11.4,5.5,0.9,17.8,196,0.584,15.7,5.5,117.2,102.3
Royce O'Neale,29.3,10.0,4.9,2.8,17.7,199,0.586,14.5,7.0,115.3,109.5
Tre Johnson,24.1,12.7,2.8,2.0,17.6,201,0.561,22.2,6.9,107.9,119.9
Jaylen Wells,26.6,12.6,3.3,1.7,17.6,201,0.557,19.4,6.2,111.7,113.2
Sandro Mamukelashvili,22.1,10.8,4.8,1.9,17.5,203,0.626,18.3,8.4,126.8,107.0
Khris Middleton,24.3,10.3,3.9,3.3,17.5,203,0.531,19.5,8.4,107.6,115.7
Kevin Huerter,23.6,10.9,3.8,2.6,17.4,205,0.559,19.4,8.1,111.0,112.2
Sam Merrill,25.9,12.7,2.4,2.3,17.3,207,0.663,16.9,6.4,130.6,110.9
Cameron Johnson,30.2,11.2,3.7,2.4,17.3,207,0.597,14.8,6.1,122.3,113.9
Bilal Coulibaly,26.3,10.4,4.3,2.6,17.3,207,0.514,18.3,7.4,105.7,115.2
Malik Monk,22.0,12.6,1.9,2.7,17.2,210,0.566,24.2,7.3,109.8,119.1
Walter Clayton Jr.,25.3,8.6,2.0,6.5,17.2,210,0.462,19.4,7.6,99.9,113.4
Pelle Larsson,25.1,10.4,3.4,3.3,17.1,212,0.591,16.1,7.8,121.1,109.6
Taylor Hendricks,24.0,10.7,4.7,1.5,16.9,213,0.573,18.0,7.0,113.7,108.8
Moses Moody,25.5,11.9,3.3,1.6,16.9,213,0.603,18.0,6.2,118.7,111.5
Egor Demin,25.2,10.3,3.2,3.3,16.8,215,0.561,18.8,7.6,108.6,116.0
GG Jackson,20.4,11.0,4.3,1.4,16.7,217,0.588,22.1,7.9,109.1,111.9
Caleb Love,22.2,11.3,2.5,2.7,16.5,219,0.5,23.1,7.6,105.7,117.0
Duncan Robinson,27.8,11.9,2.6,1.9,16.5,219,0.611,15.6,5.6,126.4,109.3
Daniel Gafford,21.5,8.7,6.7,1.0,16.4,221,0.673,15.0,7.2,128.1,103.8
Vince Williams Jr.,21.6,8.0,4.0,4.4,16.4,221,0.478,19.6,9.6,103.4,109.9
Isaiah Stewart,23.3,10.0,5.1,1.2,16.3,223,0.623,16.2,6.8,123.2,102.7
Leaky Black,32.9,9.5,5.8,1.0,16.3,223,0.531,12.3,4.6,113.6,118.5
Al Horford,22.1,8.4,5.1,2.7,16.2,226,0.552,16.4,8.8,116.6,111.7
Precious Achiuwa,22.3,8.7,6.1,1.3,16.2,226,0.558,16.2,7.4,119.5,114.6
Lawson Lovering,24.7,7.0,7.5,1.5,16.0,228,0.574,11.9,6.9,122.4,102.3
Steven Adams,22.8,5.8,8.6,1.5,16.0,228,0.535,12.0,7.4,124.8,108.0
Danny Wolf,20.6,8.9,4.8,2.3,15.9,230,0.524,20.5,9.0,108.4,110.4
Rui Hachimura,29.1,11.6,3.3,0.9,15.8,232,0.615,15.1,4.5,119.7,115.7
Jordan Goodwin,22.2,8.9,4.7,2.2,15.7,235,0.518,18.2,8.1,115.7,107.9
Jaylin Williams,20.5,7.5,5.6,2.6,15.7,235,0.583,16.0,9.3,115.4,98.3
Ousmane Dieng,22.9,8.8,4.2,2.5,15.5,239,0.547,17.7,7.9,109.8,113.6
Klay Thompson,22.0,11.9,2.3,1.4,15.5,239,0.542,22.8,6.1,104.1,115.4
Derrick Jones Jr.,26.9,11.3,3.0,1.2,15.5,239,0.625,16.3,5.1,125.2,112.9
Ayo Dosunmu,25.3,11.0,1.9,2.5,15.4,243,0.594,17.0,5.9,119.4,111.0
Aaron Wiggins,23.5,10.2,3.4,1.8,15.4,243,0.537,19.8,6.8,104.6,106.4
Dennis Schroder,23.3,9.0,2.1,4.2,15.3,245,0.496,19.6,7.4,104.0,113.4
Isaiah Joe,22.0,11.1,2.7,1.5,15.2,247,0.642,18.1,6.5,127.7,104.9
Herbert Jones,28.8,9.0,3.5,2.8,15.2,247,0.494,15.0,6.2,103.9,111.4
Harrison Barnes,26.9,10.2,2.9,2.1,15.1,249,0.594,14.9,5.9,121.3,112.8
Marcus Smart,28.4,9.4,2.8,2.9,15.1,249,0.544,15.6,6.0,108.8,110.6
Andersson Garcia,25.1,6.0,9.0,0.0,15.0,251,0.51,11.3,0.0,124.8,107.5
Zaccharie Risacher,24.0,10.0,3.7,1.3,15.0,251,0.536,17.8,6.1,105.8,110.2
Luke Kornet,21.2,6.8,6.2,1.9,14.9,253,0.687,10.7,8.1,157.0,105.8
Jake LaRavia,25.5,8.9,3.9,1.9,14.8,256,0.572,15.1,6.3,119.0,110.3
Luke Kennard,23.0,10.4,2.5,1.9,14.8,256,0.738,15.1,6.4,134.6,113.2
Kobe Brown,24.1,8.4,5.3,1.2,14.8,256,0.594,14.8,6.3,114.8,112.2
Sam Hauser,24.6,9.3,3.9,1.5,14.7,262,0.584,14.9,6.2,125.0,111.8
Jay Huff,20.9,9.4,3.9,1.4,14.7,262,0.592,17.7,7.1,115.5,109.7
Kris Dunn,27.5,7.8,3.3,3.7,14.7,262,0.6,12.7,6.6,119.4,110.6
Collin Murray-Boyles,22.3,7.8,5.0,2.0,14.7,262,0.605,14.5,7.7,124.9,105.1
Ryan Kalkbrenner,22.2,8.0,5.9,0.8,14.6,266,0.747,11.9,6.0,142.8,110.6
Cason Wallace,27.3,8.8,3.1,2.7,14.6,266,0.531,14.8,6.1,111.1,103.7
Tristan da Silva,23.8,9.3,3.7,1.5,14.4,268,0.571,15.9,6.3,114.2,111.0
Dylan Cardwell,21.2,5.4,7.7,1.2,14.3,271,0.602,10.6,6.9,131.4,102.7
Jordan Miller,21.1,9.4,2.9,2.0,14.3,271,0.626,18.1,7.2,124.3,115.7
Kadary Richmond,22.3,8.3,3.3,2.7,14.3,271,0.722,12.1,7.5,142.4,119.1
A.J. Green,29.5,9.8,2.5,1.9,14.2,273,0.611,13.3,4.9,117.0,116.3
Corey Kispert,20.5,10.0,2.5,1.7,14.2,273,0.594,18.9,6.8,115.9,116.7
Ronald Holland II,20.4,8.4,4.4,1.3,14.1,275,0.52,18.9,7.1,106.3,101.2
Terance Mann,24.8,7.5,3.2,3.2,13.9,277,0.571,13.5,6.9,120.2,113.9
Dominick Barlow,24.2,8.1,4.6,1.1,13.9,277,0.595,13.3,5.7,124.9,111.6
Jose Alvarado,21.9,7.9,2.8,3.1,13.8,280,0.558,15.7,7.5,113.4,113.8
Luguentz Dort,28.1,8.7,3.9,1.3,13.8,280,0.516,14.2,5.0,105.5,102.4
Jamal Shead,21.9,6.8,1.9,5.1,13.8,280,0.491,16.2,7.4,109.0,108.9
Nolan Traore,22.2,8.3,1.6,3.7,13.6,283,0.492,20.5,6.6,96.5,115.2
Kentavious Caldwell-Pope,21.3,8.4,2.5,2.7,13.6,283,0.533,17.6,7.2,108.9,115.9
Bruce Brown,25.0,7.5,3.9,2.2,13.6,283,0.543,14.0,6.4,112.7,109.9
Kyle Anderson,22.3,9.3,3.5,0.8,13.5,286,0.821,13.7,5.3,121.1,104.6
Kyle Anderson,20.1,7.1,3.3,3.1,13.5,286,0.565,14.7,8.3,121.7,112.8
Svi Mykhailiuk,23.4,9.1,2.5,1.9,13.5,286,0.623,14.4,6.0,121.8,122.7
Landry Shamet,22.8,10.0,1.8,1.5,13.3,290,0.62,16.0,5.3,126.8,112.2
Bogdan Bogdanovic,21.6,7.7,2.9,2.7,13.3,290,0.5,18.5,7.3,102.2,109.2
Isaac Okoro,26.9,9.0,2.7,1.6,13.3,290,0.566,13.6,5.0,117.3,113.9
Ziaire Williams,22.9,9.7,2.5,1.0,13.2,293,0.58,17.8,5.1,111.8,113.6
Nique Clifford,23.4,7.6,3.5,2.0,13.1,296,0.492,16.4,6.4,98.7,115.6
Oso Ighodaro,20.9,6.0,4.8,2.0,12.8,301,0.635,12.1,7.4,120.0,103.7
Vit Krejci,22.3,9.0,2.1,1.5,12.6,306,0.637,14.4,5.5,121.5,110.0
Lonzo Ball,20.8,4.6,4.0,3.9,12.5,310,0.432,13.7,8.0,100.3,109.7
Blake Hinson,20.8,9.4,2.4,0.8,12.5,310,0.649,14.8,5.0,130.1,119.5
Vit Krejci,20.7,7.7,2.9,1.7,12.3,316,0.532,15.1,6.5,118.2,112.5
Luke Kennard,20.5,7.9,2.2,2.1,12.2,320,0.713,12.7,6.5,134.4,115.2
Keon Ellis,23.8,7.7,2.9,1.6,12.2,320,0.666,11.2,5.5,133.4,107.7
Daeqwon Plowden,23.5,7.9,3.2,1.1,12.1,323,0.524,14.4,5.2,114.7,118.7
Jevon Carter,21.7,6.9,2.2,2.8,11.9,332,0.477,16.0,6.4,102.3,112.0
Brook Lopez,20.1,7.8,3.1,1.1,11.9,332,0.548,17.4,5.9,108.3,109.9
Ben Sheppard,21.8,6.9,3.1,1.8,11.8,336,0.542,13.6,6.2,112.1,114.5
Dean Wade,22.5,5.8,4.3,1.5,11.7,338,0.578,10.0,5.9,129.8,110.3
Bryce McGowens,21.0,8.1,2.1,1.5,11.7,338,0.61,14.0,5.6,128.2,113.9
Kobe Sanders,20.6,6.9,2.4,1.6,10.9,358,0.578,15.7,5.8,106.7,110.4
Sion James,23.2,5.5,3.5,2.0,10.9,358,0.541,10.7,5.8,116.1,110.5
Kris Murray,24.1,5.8,3.8,1.1,10.8,360,0.528,10.6,4.8,114.6,113.6
Bradley Beal,20.2,8.2,0.8,1.7,10.7,361,0.476,22.2,4.4,92.2,111.2
Cody Williams,21.5,6.3,2.6,1.3,10.2,375,0.527,12.9,5.2,108.3,119.2
Gary Trent Jr.,21.1,7.5,1.0,1.3,9.8,383,0.528,16.1,4.0,105.7,119.6
Sidy Cissoko,21.1,5.8,2.4,1.5,9.6,388,0.522,12.7,5.2,107.0,108.7
Spencer Jones,22.6,5.6,3.2,0.8,9.6,388,0.615,9.7,4.3,126.6,108.1
De'Andre Hunter,25.5,7.5,1.5,0.5,9.5,391,0.347,21.3,2.8,68.1,118.9
John Konchar,24.0,2.9,4.2,2.0,9.1,403,0.387,7.7,4.8,103.5,115.3
Taurean Prince,20.8,5.4,1.8,0.9,8.1,423,0.566,11.4,4.0,106.2,112.0
